{"cameraMode":{"drawMode":31,"name":"Sprite Mask","section":"Miscellaneous"},"sceneLighting":true,"audioPlay":false,"sceneViewState":{"showFog":true,"showMaterialUpdate":false,"showSkybox":true,"showFlares":true,"showImageEffects":true,"showParticleSystems":true},"in2DMode":false,"pivot":{"x":-3.836181640625,"y":1.8399572372436524,"z":0.4735701084136963},"rotation":{"x":0.3634490668773651,"y":0.15352880954742433,"z":-0.06085812672972679,"w":0.9168587923049927},"size":4.168752193450928,"orthographic":false}