{"cameraMode":{"drawMode":31,"name":"Sprite Mask","section":"Miscellaneous"},"sceneLighting":true,"audioPlay":false,"sceneViewState":{"showFog":true,"showMaterialUpdate":false,"showSkybox":true,"showFlares":true,"showImageEffects":true,"showParticleSystems":true},"in2DMode":false,"pivot":{"x":-3.1986873149871828,"y":-2.554226875305176,"z":10.213150024414063},"rotation":{"x":0.20861703157424928,"y":-0.03667052835226059,"z":0.007826543413102627,"w":0.9772841930389404},"size":35.638553619384769,"orthographic":false}