{"cameraMode":{"drawMode":31,"name":"Sprite Mask","section":"Miscellaneous"},"sceneLighting":true,"audioPlay":false,"sceneViewState":{"showFog":true,"showMaterialUpdate":false,"showSkybox":true,"showFlares":true,"showImageEffects":true,"showParticleSystems":true},"in2DMode":false,"pivot":{"x":-2.979326009750366,"y":2.3639421463012697,"z":-2.935629367828369},"rotation":{"x":0.6150043606758118,"y":0.0035479580983519556,"z":-0.002768023172393441,"w":0.7885134816169739},"size":12.703300476074219,"orthographic":false}