{"cameraMode":{"drawMode":31,"name":"Sprite Mask","section":"Miscellaneous"},"sceneLighting":true,"audioPlay":false,"sceneViewState":{"showFog":true,"showMaterialUpdate":false,"showSkybox":true,"showFlares":true,"showImageEffects":true,"showParticleSystems":true},"in2DMode":false,"pivot":{"x":0.40928763151168826,"y":6.740173816680908,"z":-8.290933609008789},"rotation":{"x":0.22487081587314607,"y":0.005832450930029154,"z":-0.0013873600400984288,"w":0.9743911623954773},"size":11.10278034210205,"orthographic":false}