{"cameraMode":{"drawMode":31,"name":"Sprite Mask","section":"Miscellaneous"},"sceneLighting":true,"audioPlay":false,"sceneViewState":{"showFog":true,"showMaterialUpdate":false,"showSkybox":true,"showFlares":true,"showImageEffects":true,"showParticleSystems":true},"in2DMode":false,"pivot":{"x":3.983064651489258,"y":-2.267610549926758,"z":-2.198309898376465},"rotation":{"x":0.24749337136745454,"y":0.5415865182876587,"z":-0.17074288427829743,"w":0.7850337624549866},"size":24.30225372314453,"orthographic":false}