{"cameraMode":{"drawMode":0,"name":"Shaded","section":"Shading Mode"},"sceneLighting":false,"audioPlay":false,"sceneViewState":{"showFog":true,"showMaterialUpdate":false,"showSkybox":true,"showFlares":true,"showImageEffects":true,"showParticleSystems":true},"in2DMode":false,"pivot":{"x":-3.3461904525756838,"y":1.5,"z":-4.1401872634887699},"rotation":{"x":0.28445830941200259,"y":0.33244943618774416,"z":-0.10590577870607376,"w":0.8929417133331299},"size":4.36784553527832,"orthographic":false}