{"cameraMode":{"drawMode":31,"name":"Sprite Mask","section":"Miscellaneous"},"sceneLighting":true,"audioPlay":false,"sceneViewState":{"showFog":true,"showMaterialUpdate":false,"showSkybox":true,"showFlares":true,"showImageEffects":true,"showParticleSystems":true},"in2DMode":false,"pivot":{"x":-23.381729125976564,"y":-3.1644821166992189,"z":4.967559814453125},"rotation":{"x":-0.48933473229408266,"y":0.021708868443965913,"z":-0.012185906991362572,"w":-0.8717406392097473},"size":44.61724853515625,"orthographic":false}