{"cameraMode":{"drawMode":31,"name":"Sprite Mask","section":"Miscellaneous"},"sceneLighting":true,"audioPlay":false,"sceneViewState":{"showFog":true,"showMaterialUpdate":false,"showSkybox":true,"showFlares":true,"showImageEffects":true,"showParticleSystems":true},"in2DMode":false,"pivot":{"x":-0.851646900177002,"y":-2.7019052505493166,"z":7.643337249755859},"rotation":{"x":0.22773678600788117,"y":-0.02191261202096939,"z":0.005122083704918623,"w":0.9734732508659363},"size":35.638553619384769,"orthographic":false}