{"cameraMode":{"drawMode":31,"name":"Sprite Mask","section":"Miscellaneous"},"sceneLighting":true,"audioPlay":false,"sceneViewState":{"showFog":true,"showMaterialUpdate":false,"showSkybox":true,"showFlares":true,"showImageEffects":true,"showParticleSystems":true},"in2DMode":false,"pivot":{"x":1.1917319297790528,"y":0.42162513732910159,"z":-0.8790597915649414},"rotation":{"x":0.35662490129470827,"y":0.2583855986595154,"z":-0.1033223569393158,"w":0.8918439149856567},"size":19.452322006225587,"orthographic":false}
