{"cameraMode":{"drawMode":31,"name":"Sprite Mask","section":"Miscellaneous"},"sceneLighting":true,"audioPlay":false,"sceneViewState":{"showFog":true,"showMaterialUpdate":false,"showSkybox":true,"showFlares":true,"showImageEffects":true,"showParticleSystems":true},"in2DMode":false,"pivot":{"x":3.248162269592285,"y":0.7249336242675781,"z":10.929088592529297},"rotation":{"x":0.2743837535381317,"y":-0.09357859939336777,"z":0.02683795616030693,"w":0.9566848874092102},"size":35.638553619384769,"orthographic":false}