{"cameraMode":{"drawMode":0,"name":"Shaded","section":"Shading Mode"},"sceneLighting":false,"audioPlay":false,"sceneViewState":{"showFog":true,"showMaterialUpdate":false,"showSkybox":true,"showFlares":true,"showImageEffects":true,"showParticleSystems":true},"in2DMode":false,"pivot":{"x":-2.1780202388763429,"y":2.3913509845733644,"z":-2.7607955932617189},"rotation":{"x":0.34770306944847109,"y":0.47932952642440798,"z":-0.21457190811634065,"w":0.7767269015312195},"size":4.36784553527832,"orthographic":false}