{"cameraMode":{"drawMode":31,"name":"Sprite Mask","section":"Miscellaneous"},"sceneLighting":true,"audioPlay":false,"sceneViewState":{"showFog":true,"showMaterialUpdate":false,"showSkybox":true,"showFlares":true,"showImageEffects":true,"showParticleSystems":true},"in2DMode":false,"pivot":{"x":-1.2384824752807618,"y":0.5131721496582031,"z":0.15100765228271485},"rotation":{"x":0.42422962188720705,"y":0.32955726981163027,"z":-0.1691945493221283,"w":0.8263148069381714},"size":23.46609878540039,"orthographic":false}
