{"cameraMode":{"drawMode":31,"name":"Sprite Mask","section":"Miscellaneous"},"sceneLighting":true,"audioPlay":false,"sceneViewState":{"showFog":true,"showMaterialUpdate":false,"showSkybox":true,"showFlares":true,"showImageEffects":true,"showParticleSystems":true},"in2DMode":false,"pivot":{"x":0.5747280120849609,"y":2.953639030456543,"z":-5.318117141723633},"rotation":{"x":0.4253493845462799,"y":0.02307405322790146,"z":-0.010848786681890488,"w":0.9046700596809387},"size":18.056360244750978,"orthographic":false}