{"cameraMode":{"drawMode":31,"name":"Sprite Mask","section":"Miscellaneous"},"sceneLighting":true,"audioPlay":false,"sceneViewState":{"showFog":true,"showMaterialUpdate":false,"showSkybox":true,"showFlares":true,"showImageEffects":true,"showParticleSystems":true},"in2DMode":false,"pivot":{"x":-1.210169792175293,"y":0.7504520416259766,"z":1.5632295608520508},"rotation":{"x":0.42289212346076968,"y":0.4165778160095215,"z":-0.22828644514083863,"w":0.771695077419281},"size":20.4385929107666,"orthographic":false}