{"cameraMode":{"drawMode":31,"name":"Sprite Mask","section":"Miscellaneous"},"sceneLighting":true,"audioPlay":false,"sceneViewState":{"showFog":true,"showMaterialUpdate":false,"showSkybox":true,"showFlares":true,"showImageEffects":true,"showParticleSystems":true},"in2DMode":false,"pivot":{"x":1.1018335819244385,"y":0.08893203735351563,"z":-1.1553974151611329},"rotation":{"x":0.39564472436904909,"y":0.049556173384189609,"z":-0.021386120468378068,"w":0.9168190360069275},"size":12.084076881408692,"orthographic":false}