{"cameraMode":{"drawMode":31,"name":"Sprite Mask","section":"Miscellaneous"},"sceneLighting":true,"audioPlay":false,"sceneViewState":{"showFog":true,"showMaterialUpdate":false,"showSkybox":true,"showFlares":true,"showImageEffects":true,"showParticleSystems":true},"in2DMode":false,"pivot":{"x":-1.3075734376907349,"y":-3.6900720596313478,"z":-4.866392135620117},"rotation":{"x":0.37129077315330508,"y":-3.356991555847344e-7,"z":-9.04753505892586e-7,"w":0.9285202622413635},"size":10.721780776977539,"orthographic":false}