{"cameraMode":{"drawMode":31,"name":"Sprite Mask","section":"Miscellaneous"},"sceneLighting":true,"audioPlay":false,"sceneViewState":{"showFog":true,"showMaterialUpdate":false,"showSkybox":true,"showFlares":true,"showImageEffects":true,"showParticleSystems":true},"in2DMode":false,"pivot":{"x":0.5101548433303833,"y":-0.21094942092895509,"z":0.6637082099914551},"rotation":{"x":0.4972238838672638,"y":0.14691665768623353,"z":-0.08586476743221283,"w":0.8507741689682007},"size":6.256004333496094,"orthographic":false}
