{"cameraMode":{"drawMode":0,"name":"Shaded","section":"Shading Mode"},"sceneLighting":false,"audioPlay":false,"sceneViewState":{"showFog":true,"showMaterialUpdate":false,"showSkybox":true,"showFlares":true,"showImageEffects":true,"showParticleSystems":true},"in2DMode":false,"pivot":{"x":384.0116271972656,"y":700.456298828125,"z":1606.4781494140625},"rotation":{"x":-0.5868317484855652,"y":0.09656045585870743,"z":-0.07075958698987961,"w":-0.800810694694519},"size":972.8906860351563,"orthographic":false}