{"cameraMode":{"drawMode":0,"name":"Shaded","section":"Shading Mode"},"sceneLighting":true,"audioPlay":false,"sceneViewState":{"showFog":true,"showMaterialUpdate":false,"showSkybox":true,"showFlares":true,"showImageEffects":true,"showParticleSystems":true},"in2DMode":false,"pivot":{"x":-3.45257568359375,"y":0.30599021911621096,"z":-2.409139633178711},"rotation":{"x":0.5229239463806152,"y":-0.29367294907569888,"z":0.19808004796504975,"w":0.7752877473831177},"size":32.18280792236328,"orthographic":false}