{"cameraMode":{"drawMode":31,"name":"Sprite Mask","section":"Miscellaneous"},"sceneLighting":true,"audioPlay":false,"sceneViewState":{"showFog":true,"showMaterialUpdate":false,"showSkybox":true,"showFlares":true,"showImageEffects":true,"showParticleSystems":true},"in2DMode":false,"pivot":{"x":2.613297700881958,"y":3.396193504333496,"z":5.598442077636719},"rotation":{"x":-0.030060749500989915,"y":0.9298506379127502,"z":-0.35831376910209658,"w":-0.0780099406838417},"size":22.291358947753908,"orthographic":false}