{"cameraMode":{"drawMode":0,"name":"Shaded","section":"Shading Mode"},"sceneLighting":true,"audioPlay":false,"sceneViewState":{"showFog":true,"showMaterialUpdate":false,"showSkybox":true,"showFlares":true,"showImageEffects":true,"showParticleSystems":true},"in2DMode":false,"pivot":{"x":2.0728912353515627,"y":-3.2015819549560549,"z":0.8509988784790039},"rotation":{"x":0.24705535173416139,"y":0.47016817331314089,"z":-0.13897444307804109,"w":0.8358179926872253},"size":24.30225372314453,"orthographic":false}