{"cameraMode":{"drawMode":31,"name":"Sprite Mask","section":"Miscellaneous"},"sceneLighting":true,"audioPlay":false,"sceneViewState":{"showFog":true,"showMaterialUpdate":false,"showSkybox":true,"showFlares":true,"showImageEffects":true,"showParticleSystems":true},"in2DMode":false,"pivot":{"x":-1.8752479553222657,"y":-4.649913787841797,"z":21.304424285888673},"rotation":{"x":0.15117210149765016,"y":-0.026690823957324029,"z":0.0040834746323525909,"w":0.988139271736145},"size":36.77776336669922,"orthographic":false}