{"cameraMode":{"drawMode":31,"name":"Sprite Mask","section":"Miscellaneous"},"sceneLighting":true,"audioPlay":false,"sceneViewState":{"showFog":true,"showMaterialUpdate":false,"showSkybox":true,"showFlares":true,"showImageEffects":true,"showParticleSystems":true},"in2DMode":false,"pivot":{"x":-2.773283004760742,"y":-0.3560059070587158,"z":-0.3389902114868164},"rotation":{"x":0.22063910961151124,"y":0.05994079262018204,"z":-0.013586887158453465,"w":0.973419725894928},"size":8.915796279907227,"orthographic":false}
