{"cameraMode":{"drawMode":31,"name":"Sprite Mask","section":"Miscellaneous"},"sceneLighting":true,"audioPlay":false,"sceneViewState":{"showFog":true,"showMaterialUpdate":false,"showSkybox":true,"showFlares":true,"showImageEffects":true,"showParticleSystems":true},"in2DMode":false,"pivot":{"x":-0.7849158644676209,"y":-2.340852737426758,"z":7.446562767028809},"rotation":{"x":-0.48933473229408266,"y":0.021708868443965913,"z":-0.012185906991362572,"w":-0.8717406392097473},"size":31.165943145751954,"orthographic":false}