{"cameraMode":{"drawMode":31,"name":"Sprite Mask","section":"Miscellaneous"},"sceneLighting":true,"audioPlay":false,"sceneViewState":{"showFog":true,"showMaterialUpdate":false,"showSkybox":true,"showFlares":true,"showImageEffects":true,"showParticleSystems":true},"in2DMode":false,"pivot":{"x":-2.2516610622406008,"y":-0.8111982345581055,"z":-2.125802993774414},"rotation":{"x":0.37129077315330508,"y":-3.356991555847344e-7,"z":-9.04753505892586e-7,"w":0.9285202622413635},"size":21.504365921020509,"orthographic":false}