{"cameraMode":{"drawMode":0,"name":"Shaded","section":"Shading Mode"},"sceneLighting":false,"audioPlay":false,"sceneViewState":{"showFog":true,"showMaterialUpdate":false,"showSkybox":true,"showFlares":true,"showImageEffects":true,"showParticleSystems":true},"in2DMode":false,"pivot":{"x":1.4347724914550782,"y":-5.0615434646606449,"z":-0.5920562744140625},"rotation":{"x":0.22391816973686219,"y":0.37632861733436587,"z":-0.09425097703933716,"w":0.8940660953521729},"size":22.0,"orthographic":false}