{"cameraMode":{"drawMode":31,"name":"Sprite Mask","section":"Miscellaneous"},"sceneLighting":true,"audioPlay":false,"sceneViewState":{"showFog":true,"showMaterialUpdate":false,"showSkybox":true,"showFlares":true,"showImageEffects":true,"showParticleSystems":true},"in2DMode":false,"pivot":{"x":0.13994672894477845,"y":-29.552257537841798,"z":19.776044845581056},"rotation":{"x":-0.44842293858528139,"y":-0.0005379406502470374,"z":0.00026987618184648454,"w":-0.8938212990760803},"size":56.03013610839844,"orthographic":false}