{"cameraMode":{"drawMode":31,"name":"Sprite Mask","section":"Miscellaneous"},"sceneLighting":true,"audioPlay":false,"sceneViewState":{"showFog":true,"showMaterialUpdate":false,"showSkybox":true,"showFlares":true,"showImageEffects":true,"showParticleSystems":true},"in2DMode":false,"pivot":{"x":373.517333984375,"y":98.3074951171875,"z":69.83370971679688},"rotation":{"x":0.4532162845134735,"y":0.00935940071940422,"z":-0.004758946131914854,"w":0.8913388252258301},"size":1354.7666015625,"orthographic":false}