{"cameraMode":{"drawMode":0,"name":"Shaded","section":"Shading Mode"},"sceneLighting":false,"audioPlay":false,"sceneViewState":{"showFog":true,"showMaterialUpdate":false,"showSkybox":true,"showFlares":true,"showImageEffects":true,"showParticleSystems":true},"in2DMode":false,"pivot":{"x":0.4739368259906769,"y":0.11261463165283203,"z":0.17463111877441407},"rotation":{"x":0.5529487729072571,"y":0.0007571724127046764,"z":-0.0005020308308303356,"w":0.8332148194313049},"size":22.0,"orthographic":false}