{"cameraMode":{"drawMode":31,"name":"Sprite Mask","section":"Miscellaneous"},"sceneLighting":true,"audioPlay":false,"sceneViewState":{"showFog":true,"showMaterialUpdate":false,"showSkybox":true,"showFlares":true,"showImageEffects":true,"showParticleSystems":true},"in2DMode":false,"pivot":{"x":-3.1458663940429689,"y":-0.03340339660644531,"z":-1.6038990020751954},"rotation":{"x":0.4859335720539093,"y":0.07324886322021485,"z":-0.04091551527380943,"w":0.8699632287025452},"size":21.5291748046875,"orthographic":false}