{"cameraMode":{"drawMode":31,"name":"Sprite Mask","section":"Miscellaneous"},"sceneLighting":true,"audioPlay":false,"sceneViewState":{"showFog":true,"showMaterialUpdate":false,"showSkybox":true,"showFlares":true,"showImageEffects":true,"showParticleSystems":true},"in2DMode":false,"pivot":{"x":5.655712127685547,"y":-17.894039154052736,"z":8.477592468261719},"rotation":{"x":0.40696144104003909,"y":0.21583028137683869,"z":-0.09958823770284653,"w":0.8819770812988281},"size":36.77776336669922,"orthographic":false}