{"cameraMode":{"drawMode":31,"name":"Sprite Mask","section":"Miscellaneous"},"sceneLighting":true,"audioPlay":false,"sceneViewState":{"showFog":true,"showMaterialUpdate":false,"showSkybox":true,"showFlares":true,"showImageEffects":true,"showParticleSystems":true},"in2DMode":false,"pivot":{"x":8.012725830078125,"y":-21.226356506347658,"z":4.3263397216796879},"rotation":{"x":0.3381480872631073,"y":0.3738263249397278,"z":-0.1485786885023117,"w":0.8507851958274841},"size":146.38079833984376,"orthographic":false}