{"cameraMode":{"drawMode":31,"name":"Sprite Mask","section":"Miscellaneous"},"sceneLighting":true,"audioPlay":false,"sceneViewState":{"showFog":true,"showMaterialUpdate":false,"showSkybox":true,"showFlares":true,"showImageEffects":true,"showParticleSystems":true},"in2DMode":false,"pivot":{"x":-2.0505669116973879,"y":-5.085866451263428,"z":21.158374786376954},"rotation":{"x":0.15117210149765016,"y":-0.026690823957324029,"z":0.0040834746323525909,"w":0.988139271736145},"size":36.77776336669922,"orthographic":false}